Fcilty_nam","Shp_num_an","Locality","Xcoord","Ycoord","uuid"
"ALBERÓ COCINAS S.A. DE C.V.","Hospital Ángeles Interlomas, Hacienda de las Palmas, 52763 Huixquilucan de Degollado, Méx., México","QUINTANA ROO","-86.8421694","21.0914324","1"
"Amaldi","Av. Independencia 513, Nueva Aurora, 27220 Torreón, Coah., México","COAHUILA","-103.4546048","25.5350155","2"
"ALTER Cocinas","Avenida José Vasconcelos, Sierra Madre 6B, Colonia, 66250 San Pedro Garza García, N.L., México","NUEVO LEON","-100.3678475","25.6517459","3"
"AMBIENTES NACIONALES INTERNACIONALES, S.A. DE C.V.","Calle Libertad 480, Casco Urbano, 66230 San Pedro Garza García, N.L., México","NUEVO LEON","-100.4012226","25.663578","4"
"AMMEX DESIGN STORE","calle 30 (av. García Lavín) No. 329 por 39 y 41 Frente al Café, Starbucks, San Ramón Nte, 97117 Mérida, Yuc., México","YUCATAN","-89.6075341","21.0247133","5"
"Avr Stile","Cto Plaza Esmeralda NO 9, Bosque Esmeralda, Cd López Mateos, Méx., México","CDMX","-99.2979496","19.5598825","6"
"Benneti Casa","Bosques de la Reforma 1813, Lomas del Chamizal, Cuajimalpa de Morelos, 05100 Ciudad de México, CDMX, México","CDMX","-99.2706493","19.3827442","7"
"BOA Luxury Projects","102A, Tabasco 311, Roma Nte., Cuauhtémoc, 06700 Ciudad de México, CDMX, México","CDMX","-99.1693944","19.4177889","8"
"Carpintería Carvy","Juan de La Barrera 757, Centro, 81200 Los Mochis, Sin., México","SINALOA","-108.9848895","25.7828652","9"
"Carpintería Carvy","Sur, Mariano Escobedo 958, Cuauhtemoc, 81490 Guamúchil, Sin., México","SINALOA","-108.0895887","25.454771","10"
"Casa Palacio Antara","Av Ejército Nacional 843-B, Granada, Miguel Hidalgo, 11520 Ciudad de México, CDMX, México","CDMX","-99.2054521","19.4387999","11"
"Casa Palacio Sta Fe","Vasco de Quiroga 3870, Santa Fe, Contadero, Cuajimalpa de Morelos, 05340 Ciudad de México, CDMX, México","CDMX","-99.2787693","19.3618229","12"
"Cocinas Ciao","Rio Mississippi, Del Valle, 66220 San Pedro Garza García, N.L., México","NUEVO LEON","-100.3646351","25.6578735","13"
"Cocina Contemporanea Kitchen House","Interior 102, Mar Báltico 2240, Country Club, 44610 Guadalajara, Jal., México","JALISCO","-103.3746138","20.6974465","14"
"Cocinas Gaudí San Pedro","Local 202 Plaza Chipinque, Av. Manuel Gómez Morín 938, Comercial Gómez Morin, Jerónimo Siller, 66266 San Pedro Garza García, N.L., México","NUEVO LEON","-100.363222","25.645176","15"
"Cocinas Sevilla","Av. Explanada 720, Lomas - Virreyes, Lomas de Chapultepec, Miguel Hidalgo, 11000 Ciudad de México, CDMX, México","CDMX","-99.2133497","19.420774","16"
"Consorcio Exportador Europeo S De Rl De Cv","Calle Mariano Escobedo No. 129, Centro Industrial Tlalnepantla, 54030 Tlalnepantla de Baz, Méx., México","CDMX","-99.2042488","19.5408323","17"
"Doimo Eggplant Kitchen","Av. Altavista 76, San Ángel, Álvaro Obregón, 01000 Ciudad de México, CDMX, México","CDMX","-99.1954338","19.3482653","18"
"Eland","Calle Valerio González, 1ro de Mayo, San José del Cabo, B.C.S., México","NUEVO LEON","-109.6985573","23.055476","19"
"El Tio Sam (Niños Heroes)","Av Niños Héroes 1555, Moderna, 44190 Guadalajara, Jal., México","JALISCO","-103.3621656","20.6664741","20"
"El Tio Sam (Plaza Sanzio)","Local 1, Av Juan Palomar y Arias #123, Jardines Vallarta, 45027 Guadalajara, Jal., México","JALISCO","-103.4307074","20.6821148","21"
"Equipos Y Cocinas Sobre Diseño, S.A. de C.V.","El Ranchito, 25057 Saltillo, Coah., México","NUEVO LEON","-100.9894033","25.4022053","22"
"Eurodesign GDL","Av Pablo Neruda 2694, Providencia 3a. Secc, 44630 Guadalajara, Jal., México","JALISCO","-103.3835945","20.6976473","23"
"EXPANSION KUAUKALI DI S DE RL DE CV","Coapa, Coapa Super 1, Ciudad de México, CDMX, México","CDMX","-99.1198475","19.2910279","24"
"Grupo Dana","Av. Jaime Balmes 11, Polanco, Polanco I Secc, Miguel Hidalgo, 11510 Ciudad de México, CDMX, México","CDMX","-99.2126901","19.4377921","25"
"Integral Kitchens TEKNI-K","Av. Patria 649, Jardines Universidad, 45110 Zapopan, Jal., México","JALISCO","-103.4212844","20.6895494","26"
"Kitchen and Co","Av Terranova 613, Prados Providencia, 44670 Guadalajara, Jal., México","JALISCO","-103.3894354","20.6868703","27"
"Kitchen time","Río Amazonas 21, Del Valle, 66220 Monterrey, N.L., México","NUEVO LEON","-100.3702031","25.6614544","28"
"Kitchen Time San Pedro","Local 1A, Río Tamazunchale 101, Del Valle, 66220 San Pedro Garza García, N.L., México","NUEVO LEON","-100.3679003","25.6566756","29"
"Kitchen Time Suc. Paseó San Pedro","isla 1, Avenida José Vasconcelos #402, Del Valle, 66220 San Pedro Garza García, N.L., México","NUEVO LEON","-100.3609424","25.6526017","30"
"Koviva","15 de Mayo 1111 Poniente, Centro, 64000 Monterrey, N.L., México","NUEVO LEON","-100.3303586","25.67346","31"
"Madetro Closets y Cocinas","Av Elías Zamora, Arboledas, 28869 Manzanillo, Col., México","COLIMA","-104.3410162","19.1208463","32"
"Mesas Vigar S.A. de C.V.","Industrial San Luis, 78395 San Luis, S.L.P., México","NUEVO LEON","-100.9157158","22.1074365","33"
"Olimpic Metepec","Av. Lic. Benito Juárez García 907, Real de Arcos, 52169 Metepec, Méx., México","CDMX","-99.6233404","19.262457","34"
"Olimpic Palmas","2o. piso, Av. Paseo de las Palmas 1065, Lomas de Chapultepec, 11000 Ciudad de México, CDMX, México","CDMX","-99.2241588","19.4262986","35"
"Olimpic Queretaro","Carretera San Luis Potosí-Querétaro Ejido El Salitre, San Luis Potosí - Santiago de Querétaro, 76127 Santiago de Querétaro, Qro., México","SANTIAGO DE QUERÉTARO","-100.4381299","20.6746067","36"
"Olimpic Santa Fe","Vasco de Quiroga 3800, Santa Fe, Contadero, Cuajimalpa de Morelos, 05348 Ciudad de México, CDMX, México","CDMX","-99.2757859","19.3611003","37"
"Quetzal Culiacan","Calle Diego Rivera 347, Desarrollo Urbano Tres Ríos, 80020 Culiacán Rosales, Sin., México","SINALOA","-107.4015109","24.831515","38"
"Quetzal GDL","Av. Patria 1848, Santa Isabel, 45110 Zapopan, Jal., México","JALISCO","-103.4154706","20.7051265","39"
"Quetzal Puebla","Boulevard del Niño Poblano, Concepcion del Niño Poblano 2510, Reserva Territorial Atlixcáyotl, La Concepción, 72197 Puebla, Pue., México","PUEBLA","-98.2342685","19.0317152","40"
"Quetzal Santa Fe","Vasco de Quiroga 3800, Santa Fe, Contadero, Cuajimalpa de Morelos, 05100 Ciudad de México, CDMX, México","CDMX","-99.275564","19.3617373","41"
"SANDERMO","Calle Manuel López Cotilla 1748, Col Americana, Americana, 44140 Guadalajara, Jal., México","JALISCO","-103.3746866","20.6737576","42"
"Santisteban","Av. Manuel Gómez Morín 404, Jerónimo Siller, 66220 San Pedro Garza García, N.L., México","NUEVO LEON","-100.3612789","25.6472409","43"
"Surtidor al Mayoreo","Av 25 Pte 2722, Sta Cruz los Ángeles, 72400 Puebla, Pue., México","PUEBLA","-98.2271787","19.0459013","44"
"Valtorini","Av. Sayil, Zona Hotelera, Cancún, Q.R., México","NUEVO LEON","-86.8220692","21.1493934","45"
"Comercializadora MK y Diseños","Goldsmith 53, Polanco, Polanco III Secc, Miguel Hidalgo, 11550 Ciudad de México, CDMX, México","CDMX","-99.2026943","19.430981","46"
"Designless Concepts","Av. Javier Barros Sierra 540, Santa Fe, Zedec Sta Fé, Álvaro Obregón, 01219 Ciudad de México, CDMX, México","CDMX","-99.2618762","19.3646666","47"
"Gomez & Hilman","Calle Valerio González 4, 1ro de Mayo, 23400 San José del Cabo, B.C.S., México","NUEVO LEON","-109.7018727","23.0546389","48"
"Piacere CDMX","Av. Paseo de la Reforma 625, Lomas de Chapultepec, Miguel Hidalgo, 11000 Ciudad de México, CDMX,","CDMX","-99.2138417","19.424307","49"
"Piacere Los Cabos","Carretera Transpeninsular Km 24.5, Local 4, Cerro Colorado, 23400 San José del Cabo, B.C.S., México","BAJA CALIFORNIA SUR.","-109.7365213","23.0016551","50"
"Albero Cocinas Mty","Calz San Pedro 505, Fuentes del Valle, 66220 San Pedro Garza García, N.L., México","NUEVO LEON","-100.3703171","25.6629128","51"
"IESA","Segundo Piso, Galileo 8, Polanco, Polanco IV Secc, Miguel Hidalgo, 11550 Ciudad de México, CDMX, México","CDMX","-99.1956162","19.4284845","52"
"Abitare Acabados","Hospital Ángeles Interlomas, Hacienda de las Palmas, 52763 Huixquilucan de Degollado, Méx., México","VALLE DE LAS PALMAS","-99.2904315","19.3945756","53"
"Artdeko Cancun","14, 77504 Cancún, Q.R., México","QUINTANA ROO","-86.8286897","21.134364","54"
"Aznuzi","Av. Universidad 659, Col del Valle Centro, Benito Juárez, 03100 Ciudad de México, CDMX, México","CDMX","-99.1632319","19.3767933","55"
"Cocinas Gaudi Durango","Carretera Parral - Durango Kilómetro 2, La Forestal, 34000 Durango, Dgo., México","DURANGO","-105.2173734","24.0385804","56"
"COCINAS SANTOS","Río Manzanares 433, Del Valle, 66220 San Pedro Garza García, N.L., México","NUEVO LEON","-100.4979588","25.6553107","57"
"Demaseme","Av. Bosque de Minas 33, Bosques de la Herradura, 52783 Naucalpan de Juárez, Méx., México","NAUCALPAN DE JUÁREZ","-99.277446","19.4224741","58"
"DIMERMEX S.A. DE C.V.","LOCAL D7, Ermita Iztapalapa 655, sineo, Progreso del Sur, Benito Juárez, 09810 Ciudad de México, CDMX, México","CDMX","-99.1430014","19.3597279","59"
"DISEÑO 4.13 SA DE CV","Av. Pdte. Masaryk 272 PB, Polanco, Polanco IV Secc, Miguel Hidalgo, 11550 Ciudad de México, CDMX, México","CDMX","-99.1941861","19.4313565","60"
"Grupo Ebanes","89240, Pino 101, Altavista, 89240 Tampico, Tamps., México","TAMPICO","-97.8859205","22.235281","61"
"Espace cocina + interiorismo","QUERÉTARO","QUERÉTARO","-100.36823219999997","20.59218850000001","62"
"Euromodul","La Campiña, Culiacán Rosales, Sin., México","SINALOA","-107.371323","24.8126019","63"
"Forever Renzo Sa De Cv","Av. Ignacio L. Vallarta NO. 2470, Vallarta, 44130 Guadalajara, Jal., México","JALISCO","-103.3843166","20.6746838","64"
"Holz-Modul Muebles Modulares","Av. Homero 538, Chapultepec Morales, Polanco V Secc, Miguel Hidalgo, 11560 Ciudad de México, CDMX, México","CDMX","-99.1924833","19.4353665","65"
"HOMEA","Del Ahuehuete 7, Alamos 1ra Secc, 76160 Santiago de Querétaro, Qro., México","QUERÉTARO","-100.3780996","20.6017016","66"
"Idea Mobile","Av Paseo Tabasco 1002, Jesus Garcia, 86040 Villahermosa, Tab., México","NUEVA VILLAHERMOSA","-92.9361916","17.9929713","67"
"Integra Espacios Sa De Cv","Calle Sirio 3302, Reserva Territorial Atlixcáyotl, Centros Comerciales Desarrollo Atlixcayotl, Puebla, Pue., México","PUEBLA","-98.2380214","19.0336002","68"
"JR International Group","Paseo Los Cabos 150 Loc 8 Plaza Las Velas Col. Campo De Golf San Jose del Cabo, Col. Campo De Golf, Zona Hotelera, 23406 San José del Cabo, B.C.S., México","BAJA CALIFORNIA SUR","-109.7051717","23.043473","69"
"Mobiliart","Durango, Dgo., México","DURANGO","-104.7177652","24.0226824","70"
"Mödul Studio - Cocinas Integrales","PB, Monte Líbano 2, Lomas de Chapultepec, Miguel Hidalgo, 11000 Ciudad de México, CDMX, México","CDMX","-99.2172768","19.4188836","71"
"Modulares Contemporáneos","Blvd. Campestre 505, Jardines del Moral, 37160 León, Gto., México","GUANAJUATO","-101.6921327","21.1486626","72"
"MOROSINI","R. de la Plata 101, Fuentes del Valle Sector 7, 66220 San Pedro Garza García, N.L., México","NUEVO LEON","-100.3704219","25.6581551","73"
"Solesdi","Real de Acueducto 125, Puerta de Hierro, 45116 Zapopan, Jal., México","CDMX","-99.1972641","19.4278734","74"
"Spazio Cucina","Av. Tercer Milenio 292, Lomas del Tecnologico, San Luis, S.L.P., México","SAN LUIS","-101.1012236","22.1252605","75"
"Ruiz T Distribucion SA de CV","De los Generales, Centro Habitacional, 85900 Huatabampo, Son., México","HUATABAMPO","-109.7789902","26.8317444","76"
"Solesdi Plaza Unicenter","Real de Acueducto 125, Puerta de Hierro, 45116 Zapopan, Jal., México","JALISCO","-103.4131532","20.7100122","77"
"Valvo, Design and Architecture in Bathrooms + Kitchens","11510 Los Morales Polanco, Juan Vazquez de Mella 481, Polanco, Polanco I Secc, Miguel Hidalgo, 11510 Ciudad de México, CDMX, México","CDMX","-99.211217","19.4335104","78"
"KITCHEN & BATH COLLECTION","Blvd. Riviera Nayarit #1480 Local 8 Col. Nuevo Vallarta, Bahía de Banderas, Nayarit CP: 63735","Nuevo Vallarta","-105.2774907","20.7153118","79"